{"cameraMode":{"drawMode":0,"name":"Shaded","section":"Shading Mode"},"sceneLighting":false,"audioPlay":false,"sceneViewState":{"showFog":true,"showMaterialUpdate":false,"showSkybox":false,"showFlares":true,"showImageEffects":true,"showParticleSystems":true},"in2DMode":false,"pivot":{"x":2.0282349586486818,"y":3.8454699516296388,"z":2.2990312576293947},"rotation":{"x":0.3541427254676819,"y":0.6247426271438599,"z":-0.38017982244491579,"w":0.5829759240150452},"size":22.0,"orthographic":false}